Username;Email;Password;BirthDate;PhoneNumber;Gender;Site
pies1;pies1@test.com;zxczxczxc;01/02/1990;789456123;1;https://www.thetestingworld.com/testings/
pies2;pies2@test.com;zxczxczxc;01/02/1991;789456323;2;https://www.thetestingworld.com/testings/
pies3;pies3@test.com;zxczxczxc;01/02/1992;789456523;1;https://www.thetestingworld.com/testings/
pies4;pies4@test.com;zxczxczxc;01/02/1993;789456723;2;https://www.thetestingworld.com/testings/
pies5;pies5@test.com;zxczxczxc;01/02/1994;789456923;2;https://www.thetestingworld.com/testings/
pies6;pies6@test.com;zxczxczxc;01/02/1995;789457123;1;https://www.thetestingworld.com/testings/
pies7;pies7@test.com;zxczxczxc;01/02/1996;789457323;1;https://www.thetestingworld.com/testings/
pies8;pies8@test.com;zxczxczxc;01/02/1997;789457523;2;https://www.thetestingworld.com/testings/
pies9;pies9@test.com;zxczxczxc;01/02/1998;789457723;1;https://www.thetestingworld.com/testings/
